{
  "perplexity": 6.938239557240254,
  "accuracy": null,
  "bleu_score": 1.2621890622755219,
  "rouge_scores": {
    "rouge1": 0.17269099555040548,
    "rouge2": 0.059203853521704916,
    "rougeL": 0.14742783765566864
  },
  "inference_time_ms": 7728.507170001103,
  "tokens_per_second": 5.52499972643409,
  "memory_usage_mb": 0.0
}