{
  "timestamp": "20251113_140618",
  "dataset": "heart",
  "duration_minutes": 1,
  "params": {
    "n_qubits": 4,
    "n_layers": 2,
    "learning_rate": 0.01
  },
  "metrics": {
    "train_loss": [
      0.6531287028414345,
      0.6527379034182128,
      0.6523977241766494,
      0.6523682678740828,
      0.6522634756761604,
      0.6522772068143979,
      0.6518942018694398,
      0.6516027269639686,
      0.6516524521997475,
      0.6515087045010064,
      0.6513389215989137,
      0.6968686492673882
    ],
    "val_loss": [
      0.6964729999074649,
      0.6961388349447298,
      0.6959587886325538,
      0.6954634397175665,
      0.6953529741511946,
      0.6948773612960902,
      0.694391087350767,
      0.6942624877815287,
      0.6941723335300701,
      0.6938032970433228,
      0.6934699119784792,
      0.6933029557055698
    ],
    "val_acc": [
      0.5245901639344263,
      0.4918032786885246,
      0.4918032786885246,
      0.4918032786885246,
      0.5081967213114754,
      0.5245901639344263,
      0.5409836065573771,
      0.5409836065573771,
      0.5409836065573771,
      0.5409836065573771,
      0.5409836065573771,
      0.5409836065573771
    ],
    "epochs_completed": 12,
    "samples_trained": 2811
  },
  "data": {
    "n_train": 241,
    "n_val": 61
  }
}